사용자 활동,21:44:20,123.123.123.123,,,,사용자 차단 규칙 삭제 - 123.123.123.123:(TCP)
사용자 활동,21:44:16,123.123.123.123,,,,사용자 차단 규칙 추가 - 123.123.123.123:(TCP)
사용자 활동,21:44:03,123.123.123.123,12312,,,사용자 차단 규칙 삭제 - 123.123.123.123:12312(TCP)
사용자 활동,21:44:00,123.123.123.123,12312,,,사용자 차단 규칙 추가 - 123.123.123.123:12312(TCP)
사용자 활동,21:43:15,123.123.123.12,12312,,,사용자 차단 규칙 삭제 - 123.123.123.12:12312(TCP)
사용자 활동,21:43:12,123.123.123.12,12312,,,사용자 차단 규칙 추가 - 123.123.123.12:12312(TCP)
사용자 활동,21:43:01,123.123.123.12,12312,,,사용자 차단 규칙 삭제 - 123.123.123.12:12312(TCP)
사용자 활동,21:40:29,123.123.123.12,12312,,,사용자 차단 규칙 추가 - 123.123.123.12:12312(TCP)
사용자 활동,21:39:59,123.123.123.12,12312,,,사용자 차단 규칙 삭제 - 123.123.123.12:12312(TCP)
사용자 활동,21:39:22,123.123.123.12,12312,,,사용자 차단 규칙 추가 - 123.123.123.12:12312(TCP)
사용자 활동,21:39:13,123.123.123.12,12312,,,사용자 차단 규칙 삭제 - 123.123.123.12:12312(TCP)
사용자 활동,21:37:25,123.123.123.12,12312,,,사용자 차단 규칙 추가 - 123.123.123.12:12312(TCP)
사용자 활동,21:36:24,123.123.123.12,12312,,,사용자 차단 규칙 삭제 - 123.123.123.12:12312(TCP)
사용자 활동,21:35:36,123.123.123.12,12312,,,사용자 차단 규칙 추가 - 123.123.123.12:12312(TCP)
사용자 활동,21:29:48,123.123.123.12,12312,,,사용자 차단 규칙 삭제 - 123.123.123.12:12312(TCP)
사용자 활동,21:29:33,123.123.123.12,12312,,,사용자 차단 규칙 추가 - 123.123.123.12:12312(TCP)
사용자 활동,21:24:25,123.123.231.123,,,,사용자 차단 규칙 삭제 - 123.123.231.123:(TCP)
사용자 활동,21:23:56,123.123.231.123,,,,사용자 차단 규칙 추가 - 123.123.231.123:(TCP)
사용자 활동,21:22:19,123.123.123.12,12312,,,사용자 차단 규칙 삭제 - 123.123.123.12:12312(TCP)
사용자 활동,21:22:09,123.123.231.123,,,,사용자 차단 규칙 삭제 - 123.123.231.123:(TCP)
사용자 활동,21:19:01,123.123.123.12,12312,,,사용자 차단 규칙 추가 - 123.123.123.12:12312(TCP)
사용자 활동,21:16:19,123.123.231.123,,,,사용자 차단 규칙 추가 - 123.123.231.123:(TCP)
사용자 활동,20:52:25,123.123.123.123,,,,사용자 차단 규칙 삭제 - 123.123.123.123:(TCP)
사용자 활동,20:52:22,123.123.123.123,,,,사용자 차단 규칙 추가 - 123.123.123.123:(TCP)
